{
  "C11": 0.17914457270243378,
  "C21": -0.06334541521769797,
  "C31": 0.3344922692393428,
  "C13": 0.012580350421504778,
  "C23": 0.4042360826666315,
  "C33": 0.17439882620973818
}