{
  "C11": -0.17914457270243375,
  "C21": 0.0633454152176981,
  "C31": 0.33449226923934205,
  "C13": -0.012580350421504748,
  "C23": -0.40423608266663164,
  "C33": 0.1743988262097379
}