{
  "run_timestamp": "2026-03-30 12:34:02",
  "config_path": "../configs/fit3_config.json",
  "n_components": 3,
  "stage1_success": true,
  "stage1_cost": 0.0,
  "stage2_success": true,
  "stage2_cost": 0.0,
  "T_shape": [
    41
  ],
  "V_prime_shape": [
    3,
    41
  ],
  "U_prime_shape": [
    221,
    3
  ],
  "spectral_matrix_shape": [
    221,
    41
  ],
  "wavelengths_shape": [
    221
  ],
  "preprocess_coeffs": {
    "C11": 0.17914457270243378,
    "C21": -0.06334541521769797,
    "C31": 0.3344922692393428,
    "C13": 0.012580350421504778,
    "C23": 0.4042360826666315,
    "C33": 0.17439882620973818
  }
}